#{"t_start": 1763609749.06879, "env_id": "CarRacing-v2"}
r,l,t
-32.885906,1000,42.851796
-33.333333,1000,72.97922
-40.438871,1000,102.877987
-23.636364,1000,132.782158
-30.555556,1000,162.769184
-20.318725,1000,192.972346
